{"duration": 1298.8288261890411, "input_args": {"param_name": "'duration_stayhome'"}, "time": 1722142077.1427028}