{"j": -3.000136001193823, "y": -5.000363208746421, "k": -4.000875729658219}