{"duration": 1298.838021993637, "input_args": {"param_name": "'start_stayhome'"}, "time": 1722142077.148584}